[
    {
        "diseases": ["Common cold", "Flu", "Respiratory issues", "Weakness"],
        "medicine": "Chyawanprash",
        "ingredients": ["Amla", "Tulsi", "Mulethi", "Neem"]
    },
    {
        "diseases": ["Indigestion", "Constipation", "Acidity"],
        "medicine": "Triphala Churna",
        "ingredients": ["Amla", "Bael", "Neem"]
    },
    {
        "diseases": ["Fatigue", "Anxiety", "Weakness"],
        "medicine": "Ashwagandha Rasayana",
        "ingredients": ["Ashwagandha", "Safed Musli", "Mulethi"]
    },
    {
        "diseases": ["Cough", "Cold", "Sore throat", "Flu"],
        "medicine": "Kadha",
        "ingredients": ["Tulsi", "Mulethi", "Turmeric", "Giloy"]
    },
    {
        "diseases": ["Memory loss", "Alzheimer's", "Stress"],
        "medicine": "Brahmi Tonic",
        "ingredients": ["Brahmi", "Gotu Kola", "Mulethi"]
    },
    {
        "diseases": ["Acne", "Skin infections", "Wounds"],
        "medicine": "Neem Oil",
        "ingredients": ["Neem", "Turmeric", "Giloy"]
    },
    {
        "diseases": ["Diarrhea", "Constipation", "IBS"],
        "medicine": "Bael Syrup",
        "ingredients": ["Bael", "Amla", "Mulethi"]
    },
    {
        "diseases": ["Erectile dysfunction", "Low energy"],
        "medicine": "Musli Pak",
        "ingredients": ["Safed Musli", "Ashwagandha", "Mulethi"]
    },
    {
        "diseases": ["Arthritis", "Infections", "Immunity issues"],
        "medicine": "Turmeric Milk",
        "ingredients": ["Turmeric", "Mulethi"]
    }
]
